id,topic,subtopic,prompt,difficulty,baseline_answer,baseline_clarity_score,baseline_correctness_score,baseline_exam_usefulness_score,baseline_conciseness_score,baseline_overall_score,baseline_evaluation_notes,dpo_answer,dpo_clarity_score,dpo_correctness_score,dpo_exam_usefulness_score,dpo_conciseness_score,dpo_overall_score,comparison_winner,evaluation_notes
eval_dl_001,deep_learning,backpropagation,Explain why backpropagation works backward from the loss to earlier layers.,medium,"Simple Definition: Backpropagation is a technique used in machine learning algorithms to adjust the weights of neural networks so that they minimize the difference between the network's predictions and actual outcomes. It works by calculating the error at each layer and adjusting the weights based on this error to improve the model's performance.

Intuition: Imagine you're building a bridge using blocks. The first block (input) needs to be placed correctly before any other blocks can be added. Similarly, in backpropagation, we start with the input data and work backwards through the network until we reach the output layer. Each step helps refine our understanding of how changes in one part of the network affect the others, leading to better overall performance.

Small Example: Consider a simple neural network with two hidden layers. At the end of training, after adjusting the weights, the final layer might have some errors. If we want to correct these errors, we would go backwards through the network, starting from the last layer and working our way up to the input layer. This process helps us understand which parts of the network need adjustment to make the model more accurate.

Exam Takeaway: Understanding how backpropagation works allows us to fine-tune our models by adjusting their weights in reverse order, ensuring that the model learns effectively over time. This method is crucial for improving the accuracy and efficiency of machine learning algorithms.",5,4,4,5,4.5,,"Simple definition: Backpropagation is a technique used in machine learning algorithms to adjust weights of neural networks so that they minimize an error function based on the output of the network.

Intuition: The process starts from the end (the output layer) and moves backwards through the network, adjusting each weight to reduce the difference between the predicted output and the actual output. This helps the network learn how to make better predictions as it goes deeper into the model.

Small example: Consider a simple neural network with two hidden layers. If we want to predict the output of the first hidden layer, we would start at the top of the network (input layer). We then move down to the second hidden layer, where we might have some input data. After this step, we move back up to the output layer, which will give us the final prediction. By adjusting the weights of the connections between the hidden layers, we can make the network more accurate in predicting the correct output.

Exam takeaway: Understanding how backpropagation works allows you to fine-tune your neural network's performance by adjusting its weights in response to errors during training. It's like making sure all parts of a toy car work together correctly before trying to build a real one!",5,5,5,5,5,dpo,
eval_dl_002,deep_learning,optimization,Why does gradient descent update weights in the opposite direction of the gradient?,medium,"1. **Simple Definition**: Gradient descent updates weights in the opposite direction of the gradient because it aims to minimize the loss function by moving towards the direction where the change in the loss decreases most rapidly. This ensures that the model's parameters converge to the optimal solution faster.

2. **Intuition**: The intuition behind this approach comes from the concept of the steepest ascent path in a landscape. In a two-dimensional space, the steepest ascent path points upwards (towards higher values) while the steepest descent path points downwards (towards lower values). By updating weights in the opposite direction of the gradient, we're essentially moving along the steepest ascent path, which helps in finding the minimum value of the loss function.

3. **Small Example**: Consider a simple linear regression problem where you want to find the best fit line through a set of data points. If you were to apply gradient descent directly on the loss function, you'd be moving in the same direction as the gradient, which would lead to overshooting the true solution. However, if you adjust your step size in the opposite direction of the gradient, you're effectively moving away from the local minima, which is more likely to be the global minimum. This process converges much faster than just moving in one direction.

4. **Exam Takeaway**: Understanding why gradient descent updates weights in the opposite direction of the gradient is crucial for understanding how optimization algorithms work in machine learning and other fields. It allows",5,5,5,5,5,,"Simple definition: Gradient descent updates weights to minimize loss function by moving in the direction of steepest decrease of the loss function's value.

Intuition: The gradient points in the direction of the steepest increase in the loss function's value, which means it should be in the opposite direction of this increase to move towards the minimum.

Small example (for understanding): Consider a linear regression model where we want to find the best fit line through given data points. We start with some initial guess for the coefficients. After one iteration of gradient descent, the new estimate might be slightly different from the previous one because the gradient changes direction. This change helps us converge closer to the actual optimal solution.

Exam takeaway: Understanding how gradients point in the wrong direction can help explain why optimization algorithms like gradient descent work well in practice. It also shows the importance of considering both directions in learning processes.",5,5,5,5,5,tie,
eval_dl_003,deep_learning,regularization,Explain the difference between dropout and weight decay for reducing overfitting.,medium,"Simple definition: Dropout is a regularization technique where randomly selected neurons are removed during training, effectively preventing them from learning too much information at once. Weight decay, on the other hand, adds a penalty term to the loss function proportional to the square of the weights, encouraging the model to learn more complex features while keeping simpler ones under control.

Intuition: Dropout helps prevent overfitting by making the network less sensitive to individual data points, as it removes redundant connections. Weight decay encourages the model to learn more complex representations by penalizing large weights, which can help in capturing intricate patterns in the data.

Small example (if needed): Consider a simple neural network with two layers, each having 50 neurons. Initially, both layers have random weights. After applying dropout, some neurons might be dropped out, leaving fewer connections intact. This results in a smaller output layer compared to the original one, indicating that the network has learned less about the input data. However, after adding weight decay, the model learns more complex features because the larger weights encourage deeper connections, leading to better performance.

Exam takeaway: Understanding the difference between dropout and weight decay is crucial for effective machine learning models. Dropout helps prevent overfitting by removing redundancy, while weight decay encourages complexity by penalizing large weights. Both techniques contribute to better generalization and model robustness.",5,4,5,4,4.5,,"Simple definition: Dropout helps prevent overfitting by randomly dropping out some training examples during training time, while Weight Decay encourages learning by penalizing large weights, making them smaller.

Intuition: Dropout reduces noise from too many examples, preventing models from memorizing specific patterns. Weight Decay encourages learning by making model weights less significant, which can help avoid overfitting.

Small example (for understanding): Consider a simple neural network with two layers. Initially, both layers have 50 neurons each. After applying Dropout, only 25 neurons remain active at any given time. This means the network will learn more slowly because it's ignoring most of the data. However, after adding Weight Decay, the same network might still perform well because the larger weights are less likely to be too big, thus helping to generalize better.

Exam takeaway: Understanding how dropout and weight decay work is crucial for effective machine learning techniques. They're like tools that help prevent overfitting and encourage learning, respectively.",5,5,5,5,5,dpo,
eval_dl_004,deep_learning,cnn,Why do CNNs use shared filters across an image?,medium,"1. **Simple Definition:** CNNs (Convolutional Neural Networks) use shared filters because they allow the network to learn features from multiple images simultaneously, which can improve its ability to recognize objects and scenes without overfitting to any single image.

2. **Intuition:** The intuition behind this is that sharing filters allows the network to capture more information from each input image, making it easier to generalize to new, unseen data. This is akin to having a versatile tool kit that can adapt to different situations based on the context of the image.

3. **Small Example:** Consider a scenario where you have two images of cats: one showing a cat looking at a dog, and another showing a cat looking directly at the camera. If you apply a filter to both images, the network will learn to distinguish between the two cats. However, if you apply the same filter to both images again, the network might still be able to identify the cat looking at the dog, even though it has learned to differentiate between the two cats. This demonstrates how the shared filter helps the network to learn from multiple inputs effectively.

4. **Exam Takeaway:** In summary, CNNs use shared filters because they enable the network to learn from multiple images, thereby improving its ability to recognize objects and scenes without overfitting to any single image. This approach is crucial for tasks like object detection and scene recognition, as it allows the network to generalize well to new, unseen data.",5,5,5,5,5,,"1. **Simple Definition**: CNNs (Convolutional Neural Networks) use shared filters across images because they allow the network to learn features from multiple input images simultaneously, which can improve overall performance on complex tasks like image classification.

2. **Intuition**: The intuition behind this is that sharing filters allows the network to capture more information from each input image, thereby enhancing its ability to recognize patterns and classify objects within the same scene.

3. **Small Example** (If Needed): Consider a scenario where you have two images of different people. If you were using a CNN without shared filters, it would be difficult to distinguish between them because each person has their own unique feature maps. However, if you used shared filters, the network could learn to recognize the common facial features across both images, making it easier to identify the people as one group.

4. **Exam Takeaway**: This example illustrates how shared filters enable CNNs to generalize better by learning from multiple inputs, thus improving their accuracy and efficiency in recognizing objects in images.",5,5,5,5,5,tie,
eval_dl_005,deep_learning,attention,Explain query key and value in attention using a simple analogy.,medium,"Simple definition: In attention, a query key represents a specific piece of information about a document or topic being searched. It's like a clue that helps narrow down what you're looking for.

Intuition: Think of it as a puzzle piece that fits into the right spot to find the exact thing you need. Just like how a puzzle piece fits perfectly where it belongs, a query key fits precisely where it needs to be.

Small example: Imagine you have a big box of crayons. Each crayon has a name (query key) and a color (value). If you want to find a particular colored crayon, you would look for the one with that specific color. The query key tells you which crayon to look for, just like knowing which crayon to pick out from your box.

Exam takeaway: Understanding query keys and values is like having a special tool that helps you focus on the most relevant information in a search. It's like finding the perfect match in a game of hide-and-seek!",4,2,2,3,2.75,"does not explain what ""value"" is.","Simple definition: In attention, ""query key"" refers to the most important information (or the word) that helps identify what you're looking for. It's like finding the needle in a haystack; the key helps us find the right thing.

Intuition: Think of it as a treasure map. The key points help you navigate through the map, leading you directly to your destination.

Small example: Imagine you're trying to find a specific book in a library. You look at the title page first, which is the query key. Then, you read the author's name next, which is the value. This way, you can quickly locate the book you need without having to go through all the other pages.

Exam takeaway: Understanding how to break down tasks into their most crucial parts is crucial in many fields, including studying. Knowing the ""key"" (the most important part) helps you focus on the essential details, making your work more efficient and effective.",4,2,2,3,2.75,tie,
eval_dl_006,deep_learning,transformer,Why does self-attention allow Transformers to process relationships between tokens?,medium,"Simple definition: Self-attention allows Transformers to process relationships between tokens because it enables them to understand context and meaning within each token independently while also considering the overall relationship between all tokens.

Intuition: Imagine you're trying to solve a puzzle where each piece has its own color. Self-attention works similarly; it helps each piece (token) understand its position relative to others without being influenced by other pieces' positions, allowing it to see the bigger picture of how all pieces fit together.

Small example: Consider a game where two players are trying to move their pieces around on a board. Each player can see their own piece's location and orientation, but they don't know about the other player's piece's movements. With self-attention, both players can see the entire board at once, knowing that the other player will be moving their piece as well, thus understanding the larger movement pattern.

Exam takeaway: Understanding how self-attention works is crucial for developing more advanced language models like Transformers, which can handle complex relationships between words and phrases in natural language processing tasks.",5,4,4,4,4.25,,"Simple definition: Self-attention allows Transformers to process relationships between tokens because it enables them to focus on specific parts of the input data while ignoring others, allowing them to understand context and relationships more effectively.

Intuition: Imagine you have a bunch of toys scattered around a room. If you want to find all the red cars, you might start by looking at the red car toy first, then the other red cars, and so on. This method helps you quickly identify all the red cars without having to look through everything else.

Small example (for understanding): Suppose you're trying to recognize faces in a crowd. You can see one person's face from different angles, but focusing on just their eyes makes it easier to spot the person. Similarly, self-attention uses this idea to focus on specific parts of the input data rather than looking at everything at once.

Exam takeaway: Understanding how self-attention works is crucial for developing effective machine learning models like Transformers, which excel in tasks requiring attention to details.",3,3,3,3,3,baseline,
eval_dl_007,deep_learning,rnn_lstm,Explain why LSTM gates help with long-term dependencies.,medium,"Simple Definition: 
LSTM (Long Short-Term Memory) gates help capture long-term dependencies because they allow the network to remember past information while also learning new patterns over time.

Intuition: 
Imagine you have a sequence of numbers representing your daily activities. Each number represents a different activity at a specific moment. The LSTM gate helps remember how each activity has changed from one day to the next, even if it's just a slight difference. This allows the network to understand trends and learn from previous experiences without being overwhelmed by too much data.

Small Example:
Let's say you're tracking your daily commute times. At the start of the day, you might record your commute time as 5 minutes. As the day progresses, you might notice that your commute time increases slightly due to traffic or other factors. The LSTM gate can remember this increase and adjust its prediction accordingly, helping you stay on track with your schedule.

Exam Takeaway:
Understanding how LSTM gates handle long-term dependencies is crucial for developing more accurate models in fields like natural language processing, speech recognition, and machine translation. It enables the network to maintain context and make informed decisions based on historical data, which is essential for effective communication and decision-making.",4,5,4,3,4,,"Simple definition: LSTM (Long Short-Term Memory) gates help capture long-term dependencies because they allow the network to remember past information and update its internal state based on new inputs.

Intuition: The gates' structure allows them to learn patterns over time, which is crucial for understanding complex sequences like language, sequence data, or sequential predictions.

Small example: Consider an LSTM cell where each gate controls the flow of information through the cell. If one gate is activated, it can influence how much information flows into the next layer, effectively learning from previous states. This process helps the network understand context and relationships between different parts of the input sequence.

Exam takeaway: Understanding how LSTM gates work and their role in capturing long-term dependencies is fundamental for comprehending neural networks and their applications in various fields such as natural language processing, speech recognition, and machine learning.",4,5,4,4,4.25,dpo,
eval_dl_008,deep_learning,rl,Why does DQN use both a replay buffer and a target network?,hard,"Simple definition: DQN uses both a replay buffer and a target network because they work together to improve learning efficiency and adaptability.

Intuition: The replay buffer stores experiences from previous training sessions, helping the agent learn from past mistakes and successes. The target network updates its weights based on the performance of the agent, allowing it to quickly adjust its strategy without needing new data every time.

Small example (if needed): Imagine you're playing a game where your goal is to collect as many points as possible. You might have a replay buffer that keeps track of how well you've played before, so you can learn from your mistakes. Meanwhile, your target network adjusts its strategy based on how well it's performing compared to other agents. This allows your agent to keep improving over time without having to retrain from scratch each time.",5,5,4,5,4.75,,"Simple definition: DQN uses both a replay buffer and a target network because they work together to improve learning efficiency and adaptability.

Intuition: Replaying past experiences helps DQN learn from its mistakes, improving its decision-making skills over time. The target network updates based on how well it's performing, allowing DQN to adjust its strategy dynamically without needing new data every time.

Small example (optional): Imagine you're playing a game where your character has limited health points. If you lose too many lives, the AI learns this pattern and adjusts its strategy accordingly. This process of learning through experience and feedback is what makes DQN so effective at handling complex environments like video games.",4,4,3,3,3.5,baseline,
eval_dl_009,deep_learning,representation_learning,Explain why contrastive learning needs positive and negative examples.,hard,"Simple definition: Contrastive learning involves comparing two sets of data (positive and negative) to identify patterns and similarities between them.

Intuition: Positive examples are those that align well with the desired outcome, while negative examples are those that do not match the goal.

Small example: Imagine you're trying to predict whether someone will buy a product based on their past purchases. If all your positive examples are about buying groceries and none about buying electronics, it might be challenging to accurately predict which type of purchase they'll make next. Conversely, if you have many more negative examples like ""they never bought a new phone"" than positive ones like ""they recently bought an old TV,"" this could help improve your model's accuracy.

Exam takeaway: Understanding how to balance positive and negative examples is crucial for effective contrastive learning. It helps ensure that models can learn from both positive and negative experiences effectively.",4,3,2,4,3.25,"concise, but not complete. Does not directly answer the question","Simple definition: Contrastive learning involves comparing two sets of data to identify patterns and differences between them.

Intuition: When you have two groups of items (positive and negative), they often have different characteristics or behaviors. By comparing these groups, you can see how one group differs from the other.

Small example: Imagine you have two categories of animals - cats and dogs. If you compare their behavior, you might notice that cats are more independent than dogs. This difference could be due to factors like food availability, social interactions, or environmental conditions.

Exam takeaway: Understanding contrasts helps in making informed decisions about what actions to take based on observed differences. It's crucial for fields like psychology, biology, and marketing where understanding behavioral variations is essential.",4,4,4,4,4,dpo,
eval_dl_010,deep_learning,model_compression,Compare pruning quantization and distillation in simple language.,hard,"Simple definition: Pruning quantization involves reducing the number of parameters used during training, while distillation combines knowledge from multiple models into one model's architecture without changing its weights.

Intuition: In pruning, you remove unnecessary parts of a model (like noise) to make it simpler and faster to train. In distillation, you combine information from different models to create a new model that can perform better than any individual model.

Small example: Imagine you have two models, Model A and Model B. If you want to improve Model A, you might prune some of its parameters to reduce complexity. But if you want to improve both, you could also combine their features using distillation techniques.

Exam takeaway: Understanding how to prune and combine models effectively is crucial for improving performance in machine learning tasks.",4,4,3,4,3.75,,"Simple definition: Pruning quantization involves reducing the number of parameters used during training, while distillation focuses on improving model performance without changing its structure.

Intuition: Pruning helps reduce complexity by removing unnecessary parts of the network, making it easier to train. Distillation aims to improve generalization by sharing knowledge between models, which can lead to better performance.

Small example (for understanding): Imagine you have a simple neural network with two layers. The first layer has 50 neurons, and the second layer also has 50 neurons. If we prune this network, we might remove some connections, effectively reducing the number of parameters. This could make the network more efficient for training, similar to how pruning reduces the complexity of a complex system.

Exam takeaway: Understanding both pruning and distillation is crucial for optimizing model efficiency and effectiveness in various applications like computer vision, natural language processing, and deep learning.",4,3,3,3,3.25,baseline,
eval_nlp_001,nlp,tokenization,Why do modern language models often use subword tokenization instead of word tokenization?,medium,"Simple definition: Subword tokenization involves breaking down words into smaller units called subwords, which can be used as individual tokens rather than whole words. This allows for more efficient processing and storage of text data.

Intuition: Imagine you have a long string of letters like ""hello"". In word tokenization, each letter would become its own separate unit (e.g., 'h', 'e', 'l', 'o'). However, in subword tokenization, we break it down into smaller units (e.g., 'hllo'), making them easier to work with and store.

Small example: Consider this sentence: ""The quick brown fox jumps over the lazy dog."" If we were using word tokenization, it might look like this: ""The"" + ""quick"" + ""brown"" + ""fox"" + ""jumps"" + ""over"" + ""the"" + ""lazy"" + ""dog."" But in subword tokenization, we could split it into: ""Th"" + ""eQu"" + ""kQu"" + ""n"" + ""b"" + ""r"" + ""o"" + ""w"" + ""i"" + ""s"" + ""f"" + ""x"" + ""J"" + ""u"" + ""m"" + ""o"" + ""v"" + ""e"" + ""r"" + ""t"" + ""h"" + ""o"" + ""d.""

Exam takeaway: Subword tokenization",5,4,5,5,4.75,,"Simple Definition: Subword tokenization involves breaking down words into smaller units called ""subwords"" rather than individual letters or characters. This allows for more nuanced processing of text, such as recognizing longer sequences of words within sentences.

Intuition: It's like dividing a long string of beads into smaller segments so you can find specific groups of beads (words) without having to read each one individually.

Small Example: Imagine you have a sentence like ""The quick brown fox jumps over the lazy dog."" In word tokenization, this would be split into ""The"", ""quick"", ""brown"", ""fox"", ""jumps"", ""over"", ""the"", ""lazy"", ""dog"". But in subword tokenization, it might break down further into ""Th"", ""eQui"", ""kBn"", ""fXo"", ""Jumps"", ""Ov"", ""th"", ""lAy"", ""d"".

Exam Takeaway: Subword tokenization makes language models much more powerful because they can handle larger amounts of data efficiently, allowing them to understand context better and perform tasks like sentiment analysis, named entity recognition, and even machine translation.",5,5,5,5,5,dpo,
eval_nlp_002,nlp,embeddings,Explain why word embeddings can capture similarity between words.,medium,"Simple Definition: Word embeddings represent words as vectors in high-dimensional spaces where each dimension corresponds to a semantic feature of the word. These vectors allow us to quantify how similar two words are based on their meanings.

Intuition: Imagine you have a bunch of toy cars. If you compare them, you might notice that some cars look alike, while others have different features like color or size. Word embeddings do something similar, but instead of comparing physical attributes, they compare meaning.

Small Example (if helpful): Let's say we have three words: ""cat"", ""dog"", and ""bird"". We could create an embedding vector for each one:

- For ""cat"": [0.5, 0.8, 0.7]
- For ""dog"": [0.6, 0.9, 0.5]
- For ""bird"": [0.4, 0.3, 0.6]

Now, imagine you're looking at a photo of a cat, a dog, and a bird. The vector representing each would be very similar because all three animals share many common characteristics. However, if you were to compare the vectors, you'd see that they're quite different from each other—because they don't share any significant similarities.

Exam Takeaway: Word embeddings help us understand how similar words are by showing us how much they mean to us. This makes it easier to recognize patterns and relationships between words in text data.",5,5,5,5,5,,"Simple Definition: Word embeddings represent words as vectors in high-dimensional spaces where each dimension corresponds to a feature of the word (e.g., frequency, context, meaning). These vectors help measure how similar two words are based on their features.

Intuition: Similarity measures involve comparing the vectors representing different words. The smaller the difference between corresponding vectors, the more similar the words are.

Small Example: Consider two words ""cat"" and ""dog"". Their vector representations might look like this:

- cat: [0.5, 0.8, -0.2]
- dog: [-0.3, 0.6, 0.9]

The dot product of these vectors would be calculated as follows:

(0.5 * -0.3) + (0.8 * 0.6) + (-0.2 * 0.9) = -0.15

This negative value indicates a very low similarity between the two words.

Exam Takeaway: Understanding word embeddings allows us to quantify similarities between words using numerical values rather than qualitative comparisons. This makes them ideal for tasks such as text classification, sentiment analysis, and machine translation.",5,5,5,5,5,tie,
eval_nlp_003,nlp,language_models,What does it mean for a language model to predict the next token?,easy,"Simple definition: A language model predicts the next token based on its current state and context.

Intuition: Predicting the next token means understanding what comes next in the sequence of tokens generated by the model.

Small example: Consider a simple language model predicting the next word in a sentence. If the model sees ""the"" followed by ""quick,"" it would predict ""quick."" This prediction relies on recognizing patterns in sequences of words.

Exam takeaway: Understanding how a language model makes predictions helps in analyzing text generation models and improving natural language processing techniques.",5,5,4,5,4.75,,"Simple definition: A language model predicts the next token based on its current state and context.

Intuition: Predicting the next token means understanding what comes next in the sequence of tokens generated by the model.

Small example: Consider a simple language model predicting the next word in a sentence. If the model sees ""the"" as the first token, it might predict ""a"" as the next token because ""the"" is followed by ""a"".

Exam takeaway: Understanding how models make predictions helps in comprehending their capabilities and limitations. It's crucial for interpreting natural language processing tasks effectively.",5,5,4,5,4.75,tie,
eval_nlp_004,nlp,bert,Why does BERT use masked language modeling during pretraining?,medium,"Simple definition: BERT (Bidirectional Encoder Representations from Transformers) uses masked language modeling during pretraining because it helps improve the model's understanding of context and relationships between words, making it more effective at generating human-like text.

Intuition: Imagine you're trying to guess what your friend will say next in a conversation. BERT learns to predict their response based on previous conversations, which can help it understand the context better and make more accurate predictions about future interactions.

Small example: Let's say you have a chatbot named ""Alex"". When Alex hears someone ask ""What's your favorite color?"", BERT might learn to predict what color Alex would respond with based on past conversations where Alex has asked questions like this. This helps the bot become more confident in its responses and makes it easier for users to interact with it.

Exam takeaway: Understanding how BERT uses masked language modeling during pretraining allows developers to create more realistic and natural-sounding AI assistants. It helps the models learn to anticipate user queries and provide appropriate responses, enhancing overall usability and effectiveness.",5,5,5,5,5,,"Simple Definition: BERT uses masked language modeling because it needs to learn from context without directly seeing words like ""masked"" or ""language.""

Intuition: It's like having a secret code where you can't see all the letters, but still understand the meaning of what you're saying.

Small Example (for understanding): Imagine you have a toy box full of different colored blocks. You want to build something using them, so you start by putting some blocks together. But instead of just seeing the colors, you also need to know how many red blocks there are, how many blue ones, etc., which makes your job more challenging.

Exam Takeaway: Understanding context helps BERT learn new things faster and better than if it had to guess everything every time. This is why it uses masked language modeling - to make learning easier while still being able to recognize important parts of the text.",3,3,3,3,3,baseline,
eval_nlp_005,nlp,gpt,Explain why GPT is called a causal language model.,medium,"Simple Definition: A causal language model is a type of machine learning model designed to understand cause-and-effect relationships between variables. It uses statistical methods to predict outcomes based on past events and their effects.

Intuition: Causal models can help us understand how different factors influence each other over time. For example, if you eat breakfast, it affects your mood; this relationship can be modeled using a causal language model.

Small Example (if needed): Imagine you have two types of cookies - chocolate chip and oatmeal raisin. If you eat more chocolate chip cookies than oatmeal raisin cookies, they will affect your overall cookie preference. This is an example of a causal relationship where one thing influences another.

Exam Takeaway: Understanding causality is crucial in many fields like economics, medicine, and social sciences. Causal models allow researchers to make predictions about future outcomes based on historical data, making them invaluable tools in analyzing complex systems.",3,4,3,3,3.25,does not answer why GPT is considered as one,"Simple Definition: A causal language model predicts future events based on past events, making it suitable for understanding cause-and-effect relationships between variables.

Intuition: Causal models like GPT understand how changes in one variable affect another, allowing them to make predictions about potential outcomes without assuming causality.

Small Example: Suppose you have two variables, ""X"" (e.g., temperature) and ""Y"" (e.g., rainfall). If you know that high temperatures lead to increased rainfall, a causal model could predict that as temperatures rise, so will rainfall. This prediction helps in planning for water management during droughts.

Exam Takeaway: Understanding causal relationships is crucial in many fields, including economics, medicine, and environmental science, where predicting outcomes from causes can guide interventions effectively.",4,4,4,4,4,dpo,
eval_nlp_006,nlp,seq2seq,Explain how an encoder-decoder model works in machine translation.,medium,"Simple Definition: An encoder-decoder model is a type of neural network designed to translate one language into another. It consists of two main parts: an encoder (which maps input text to numerical representations) and a decoder (which translates those numbers back into output text).

Intuition: Think of it like a puzzle where the encoder helps you understand the meaning of words, while the decoder uses this understanding to produce the correct output sentence.

Small Example: Imagine you have a set of instructions written in English. The encoder would take these instructions as input and convert them into a sequence of symbols that can be understood by your brain. Then, the decoder takes this sequence and tries to figure out what the original instructions were about based on the symbols it's given. This process allows the decoder to create a coherent output sentence that makes sense in the target language.

Exam Takeaway: Understanding how an encoder-decoder model works is crucial for translating between languages efficiently. It involves converting inputs into numerical codes and then decoding these codes back into meaningful outputs. This method is particularly useful in tasks like machine translation, where accurate translations are essential for communication across different languages.",5,5,4,4,4.5,,"Simple Definition: An encoder-decoder model is a type of neural network designed to translate one language into another. It consists of two main parts: an encoder (for input) and a decoder (for output).

Intuition: The encoder maps the source text into a high-dimensional vector space where each word represents a specific feature. This allows it to capture the meaning and context of the original text. The decoder then uses this information to produce an equivalent sentence in the target language.

Example: Consider a simple translation problem between English and Spanish. The encoder would first process the English sentence ""The cat sat on the mat."" into a vector space representation. The decoder would then decode this vector back into Spanish words like ""el perro sentó sobre el piso.""

Exam Takeaway: Understanding how these components work helps in comprehending the complex process behind machine translation, which involves understanding both the source and target languages' vocabularies and grammatical structures.",5,4,5,5,4.75,dpo,
eval_nlp_007,nlp,decoding,Compare greedy decoding beam search and sampling in simple language.,hard,"Simple definition: Both greedy decoding beam search and sampling aim to find the most likely sequence of symbols given an input string. Greedy decoding uses the shortest path first (beam search), while sampling randomly selects one symbol at each step.

Intuition: In greedy decoding, you start with the shortest possible paths and expand them as you encounter longer ones. Sampling involves choosing a random symbol from the current state without considering future possibilities.

Small example: Imagine you have a sentence ""The quick brown fox jumps over the lazy dog"". You want to decode it using both methods:

**Greedy Decoding Beam Search:**
- Start with ""T"" (the shortest).
- Expand ""T"" into ""Th"", then ""h"".
- Continue expanding until all letters are used up.

**Sampling:**
- Choose a random letter from the current state (""T"").
- This could be ""T"", ""H"", or any other letter.

Exam Takeaway: Both methods can lead to similar results, but they differ in how they handle randomness. Greedy decoding beam search starts with the shortest paths, while sampling randomly chooses a symbol based on its frequency. The choice between these approaches depends on whether you prefer simplicity or flexibility in your decoding strategy.",4,4,4,4,4,,"Simple definition: Greedy decoding beam search involves selecting the most likely next symbol based on the current state of the decoder, while sampling uses randomness to explore different paths.

Intuition: Greedy decoding beam search prioritizes the most probable symbols at each step, aiming to decode the entire sentence efficiently. Sampling, on the other hand, allows exploration of all possible paths without knowing their probabilities beforehand.

Small example (for understanding): Suppose we have a simple decoder that predicts the next letter based on the previous one. If the current input is ""hello"", greedy decoding would choose 'e' as it's the most likely next letter, whereas sampling might randomly select any letter.

Exam takeaway: Both methods aim to minimize errors in decoding, but greedy decoding leverages probabilistic information to make decisions more quickly, while sampling explores all possibilities, which can lead to longer decoding times. Understanding these differences is crucial for effective text processing in natural language processing.",4,4,3,4,3.75,baseline,
eval_nlp_008,nlp,ner,Explain BIO tagging for named entity recognition with a small example.,medium,"Simple Definition: 
BIO (Biological Information Object) tagging is a method used in natural language processing to identify entities such as people, places, organizations, and more within text data. It helps in understanding the context of information being discussed.

Intuition: 
Imagine you're looking at a big book of stories. You want to know who wrote what part of the story. Bio tagging does something similar - it looks at words in sentences to find out which things they refer to.

Small Example:
Suppose you have this sentence: ""The quick brown fox jumps over the lazy dog.""

In bio tagging, we would look at each word:
- The = Person/Place
- quick = Location
- brown = Animal
- fox = Animal
- jumps = Action
- over = Location
- the = Location
- lazy = Animal
- dog = Animal

This shows us that ""fox"" refers to an animal, ""dog"" to another animal, etc., helping us understand the relationships between different parts of the sentence.

Exam Takeaway:
Understanding how to tag entities like this can be very useful in many fields, from social media analysis to legal documents. By identifying key entities, researchers and developers can better comprehend the content and structure of their data.",5,4,4,5,4.5,,"Simple Definition: 
BIO tagging (named entity recognition) involves identifying entities such as people, places, organizations, etc., within text data using machine learning algorithms.

Intuition: 
Imagine you have a big book of stories. You want to find out who wrote which story. The same idea applies here; we're looking for specific individuals, places, or groups mentioned in texts.

Small Example:

Example Text: ""The quick brown fox jumps over the lazy dog.""

BIO Tagging:
- Person: ""The quick""
- Place: ""brown fox""
- Organization: ""lazy dog""

Exam Takeaway:
Understanding how to tag entities helps us understand what's being discussed in a text more accurately. It's like sorting through a jumble of words to find the ones that matter most!",5,4,4,5,4.5,tie,
eval_nlp_009,nlp,rag,Why can retrieval augmented generation help reduce hallucination?,medium,"Simple definition: Retrieval Augmented Generation (RAG) uses text from a database to create new content, including images, videos, and audio files, which helps reduce hallucinations because it provides context and coherence that humans often struggle with.

Intuition: When we read a book, our brains process information sequentially, building up mental models of what's happening in the story. RAG allows us to see how different parts of a text interact with each other, creating a more coherent narrative that reduces the likelihood of hallucinations as our brain tries to make sense of the new information.

Small example: Imagine you're reading a novel about a character who has been living in a dream world for years. The first few chapters might be very surreal and confusing, but as you continue to read, you start to piece together the characters' thoughts and feelings, their dreams, and even the environment they inhabit. This gradual integration of information makes the experience less overwhelming and more realistic, reducing the risk of hallucinations.

Exam takeaway: RAG helps reduce hallucinations by providing a structured, coherent narrative that integrates new information seamlessly into existing knowledge, making the experience feel more real and less jarring.",5,5,4,5,4.75,,"Simple definition: Retrieval Augmented Generation (RAG) uses past information from previous documents to improve the quality of new text generated.

Intuition: By using past knowledge about similar topics, RAG can enhance coherence and relevance, reducing the likelihood of generating hallucinations where the content doesn't align with what was previously known.

Small example: Imagine you're writing a story about a character who has never been to a place before. If you start with a sentence like ""The sun rose over the horizon,"" RAG could suggest a more detailed description, such as ""The sun rose over the horizon, casting a warm glow on the calm waters of the lake."" This helps avoid hallucinations because it's based on real-world experiences rather than fictional ones.

Exam Takeaway: RAG techniques can significantly reduce the risk of hallucinations by leveraging existing knowledge and context, making the generated text more coherent and realistic.",4,5,4,4,4.25,baseline,
eval_nlp_010,nlp,evaluation,Why is evaluating generated text harder than evaluating classification accuracy?,hard,"Simple definition: Evaluating generated text involves assessing whether it accurately represents the intended content without any human intervention.

Intuition: Humans often struggle with generating natural language because they lack the context and nuance of human thought processes.

Small example (if useful): Consider a simple story where the characters make decisions based on limited information. If you evaluate this story using traditional methods like grammar checks or word count, you might miss important nuances. However, if you analyze the story's structure, character motivations, and dialogue choices, you can identify potential issues with the generated text.

Exam takeaway: Understanding how humans process and interpret language is crucial for evaluating generated text effectively. It requires a deeper understanding of human cognitive processes rather than relying solely on automated evaluation systems.",4,4,4,5,4.333333333,,"Simple definition: Evaluating generated text can be more challenging because it requires understanding how the model generates new content rather than just comparing its predictions against known truth values.

Intuition: The challenge arises from the unpredictability of language generation, which makes it difficult to predict what will be said next without knowing the underlying rules or context. This unpredictability means that even if you have a good classifier, generating text accurately remains an open-ended process.

Small example (for clarity): Consider a simple machine learning model predicting whether a sentence contains a specific word. If the model's output is ""yes"" every time it sees the word ""cat,"" this could be seen as a form of evaluation where the model has no control over the sequence of words it produces. However, if the model outputs ""no"" every time it encounters ""cat,"" it would be hard to evaluate its performance since there’s no way to know what follows after ""cat."" This scenario highlights the difficulty in assessing the quality of generated text without knowing the underlying patterns or constraints.",4,5,5,5,4.75,dpo,