id,topic,subtopic,prompt,difficulty,dpo_answer
eval_dl_001,deep_learning,backpropagation,Explain why backpropagation works backward from the loss to earlier layers.,medium,"Simple Definition: Backpropagation is a technique used in machine learning algorithms to adjust the weights of neural networks so that they minimize the difference between the network's predictions and actual outcomes. It works by calculating the error at each layer and adjusting the weights based on this error to improve the model's performance.

Intuition: Imagine you're building a bridge using blocks. The first block (input) needs to be placed correctly before any other blocks can be added. Similarly, in backpropagation, we start with the input data and work backwards through the network until we reach the output layer. Each step helps refine our understanding of how changes in one part of the network affect the others.

Small Example: Consider a simple neural network with two layers. The input layer has three neurons, and the output layer has two neurons. If we want to make sure our prediction is as accurate as possible, we would need to adjust the weights of the hidden layers to correct for errors in the input data. This process is like correcting the position of blocks in your bridge design, ensuring that every single block aligns perfectly with its intended place.

Exam Takeaway: Understanding how backpropagation works allows us to optimize models by fine-tuning their structure and parameters, making them more effective at predicting outputs accurately. This skill is crucial in fields such as artificial intelligence, where improving model performance is essential for applications ranging from image recognition to natural language processing."
eval_dl_002,deep_learning,optimization,Why does gradient descent update weights in the opposite direction of the gradient?,medium,"1. **Simple Definition**: Gradient descent updates weights in the opposite direction of the gradient because it aims to minimize the loss function by moving towards the direction where the change in the loss decreases most rapidly. This ensures that the model's parameters converge to the optimal solution faster.

2. **Intuition**: The intuition behind this approach comes from the principle of steepest ascent. In a two-dimensional space, the direction of steepest ascent (the direction of greatest increase) is always along the negative gradient. By updating weights in the opposite direction of the gradient, we ensure that the learning process moves in the direction of least effort, which helps in reducing the overall error over time.

3. **Small Example**: Consider a simple linear regression problem where you want to find the best fit line through a set of data points. If you were to apply gradient descent directly on the cost function, you would be moving in the same direction as the gradient, which could lead to overshooting the minimum. However, if you adjust your step size based on the sign of the gradient, you can move in the opposite direction, effectively minimizing the loss.

4. **Exam Takeaway**: Understanding why gradient descent updates weights in the opposite direction of the gradient is crucial for understanding how optimization algorithms work in machine learning. It allows us to iteratively improve our model's parameters until they converge to the optimal solution, making the training process more efficient and effective."
eval_dl_003,deep_learning,regularization,Explain the difference between dropout and weight decay for reducing overfitting.,medium,"Simple Definition: Dropout helps prevent overfitting by randomly dropping out some of the neurons during training, which reduces their impact on the model's performance. This technique encourages the network to learn more generalizable features from the data rather than just specific patterns.

Intuition: Think of it like this: Imagine you have a toy car that can move around freely. If you put it in a box, it might get stuck because there aren't enough moving parts to keep it going smoothly. But if you add a few wheels, it can still move around without getting stuck. Dropout does something similar, but instead of adding wheels, it removes them to make sure the model doesn't become too specialized.

Small Example (if needed): Let's say we're building a simple neural network to classify images. We start with all our neurons set to 1, representing each image as an individual feature. Then, after training, we remove one neuron (the ""dropout layer"") so that no single image gets fully trained. The rest of the neurons are left intact, allowing the model to learn about different aspects of the images.

Exam Takeaway: Understanding how dropout works is crucial for preventing overfitting. It's like giving your toy car a chance to explore new paths before deciding whether to stop playing. By doing this, you ensure that the model learns to generalize well across new data, improving its ability to perform well on unseen tasks."
eval_dl_004,deep_learning,cnn,Why do CNNs use shared filters across an image?,medium,"1. **Simple Definition:** CNNs (Convolutional Neural Networks) use shared filters across an image because they allow the network to learn features from multiple images simultaneously, which can improve its ability to recognize objects and patterns in new images.

2. **Intuition:** The intuition behind this is that having shared filters allows the network to capture information from different parts of the input image, thereby improving its overall performance on tasks like object recognition and classification.

3. **Small Example:** Consider a scenario where you have two images of cats: one showing a cat wearing a hat and another showing a cat without a hat. If you apply a convolutional filter to both images, it will automatically detect the presence of a hat in the second image, even though the first image does not contain any hats. This demonstrates how shared filters enable the network to learn from multiple images, enhancing its ability to identify specific features.

4. **Exam Takeaway:** Understanding that CNNs use shared filters across images helps in achieving better performance on complex tasks such as object detection and classification by leveraging the knowledge gained from previous images."
eval_dl_005,deep_learning,attention,Explain query key and value in attention using a simple analogy.,medium,"Simple definition: In attention, a query key represents a specific piece of information or context related to the query being asked about. It's like a clue that helps narrow down what you're looking for in your search results.

Intuition: Think of it as a puzzle piece that fits into the right place to solve a particular problem. Each query key corresponds to a unique piece of information that makes the query more relevant and easier to find.

Small example: Imagine you're trying to find a recipe for a new dish. The query ""What type of pasta should I use?"" could be broken down into different parts like ""Pasta,"" ""Type,"" and ""Pasta."" Each part serves as a query key, helping you focus on the most important aspect of the dish you want to make.

Exam takeaway: Understanding how to break down queries into their component parts can help you better understand the nuances of each query and make informed decisions about which pieces to include in your search."
eval_dl_006,deep_learning,transformer,Why does self-attention allow Transformers to process relationships between tokens?,medium,"1. **Simple Definition**: Self-attention allows Transformers to process relationships between tokens because it enables them to understand context and meaning within each token independently, allowing them to learn from their environment without being directly influenced by other tokens.

2. **Intuition**: The intuition behind this is that self-attention helps Transformers recognize patterns and relationships among different parts of the input data, which is crucial for tasks like language understanding and translation where understanding the context of words is essential.

3. **Small Example (if needed)**: Consider a simple scenario where you have two sentences: ""The cat sat on the mat"" and ""The dog chased the mouse."" If we were using a Transformer model, self-attention could be used to analyze both sentences separately and then combine the information to form a coherent sentence about cats, dogs, and mice. This would demonstrate how self-attention can help in processing and understanding complex relationships between tokens.

4. **Exam Takeaway**: Understanding how self-attention works is key to leveraging its potential in natural language processing tasks. It's important to note that while self-attention is powerful, it also requires careful design to avoid issues such as vanishing gradients and exploding gradients, which can hinder performance."
eval_dl_007,deep_learning,rnn_lstm,Explain why LSTM gates help with long-term dependencies.,medium,"1. **Simple Definition**: An LSTM (Long Short-Term Memory) gate helps with long-term dependencies because it uses a special kind of memory cell called an ""LSTM cell."" In this cell, there's a hidden state that remembers information from previous time steps. This allows the network to remember how much information has been learned over many time steps, which is crucial for understanding complex patterns and sequences.

2. **Intuition**: Think of the LSTM as a smart switch that can remember what happened before. Just like how you might remember your favorite toy from childhood, the LSTM remembers past experiences. When new data comes in, it can use this stored information to make predictions about future events, even those that haven't happened yet. This is key for tasks like language modeling, where understanding context is essential.

3. **Small Example**: Consider a simple sequence of numbers: 1, 2, 3, 4, 5. If we were using a standard LSTM without any gating mechanism, it would forget all the information between the first two numbers. However, if we add a gating mechanism that remembers the last number, the LSTM will remember the pattern and predict the next number based on that. For instance, if the last number was 3, the LSTM might predict the next number as 6, remembering the pattern of adding one each time.

4. **Exam Takeaway**: The ability to remember past information through a gating mechanism is vital for tasks involving long-term dependencies."
eval_dl_008,deep_learning,rl,Why does DQN use both a replay buffer and a target network?,hard,"Simple definition: DQN uses both a replay buffer and a target network because they work together to improve learning efficiency and adaptability.

Intuition: The replay buffer helps DQN learn from past experiences, while the target network provides an immediate feedback loop to adjust its actions based on current performance.

Small example (if needed): Imagine you're playing a game where your character has limited health points. If you keep losing, the replay buffer stores previous moves and their outcomes. This allows DQN to quickly pick up where it left off, improving its chances of winning next time. Meanwhile, the target network updates itself every few steps, giving DQN a clear idea of how well it's performing compared to other agents, which helps it make better decisions.

Exam takeaway: Understanding how these two components complement each other can help explain why DQN performs so well in practice."
eval_dl_009,deep_learning,representation_learning,Explain why contrastive learning needs positive and negative examples.,hard,"Simple definition: Contrastive learning involves comparing two sets of data (positive and negative) to identify patterns and similarities between them.

Intuition: Positive examples are those that align well with the goal you're trying to achieve, while negative examples are those that don't help meet your objective.

Small example: Imagine you want to learn about cats. You have two types of cat videos: one showing fluffy kittens and another showing mean cats. The positive video would be the ones that show cute kittens, and the negative video would be the ones that show mean cats. By using this method, you can focus on the positives to improve your understanding of cats.

Exam takeaway: Understanding how to balance positive and negative examples is crucial for effective contrastive learning. It helps you focus on what actually matters, making it easier to understand complex concepts."
eval_dl_010,deep_learning,model_compression,Compare pruning quantization and distillation in simple language.,hard,"Simple definition: Pruning quantization involves reducing the number of parameters used in deep learning models while preserving their essential features. It's like simplifying a complex puzzle piece to make it easier to solve.

Intuition: Think of it as making a model smaller without losing its core functions. You're essentially removing unnecessary details from your model so you can focus on what matters most.

Small example (if helpful): Imagine you have a toy car that has wheels and a steering wheel. If you prune this toy car down to just the wheels, you'd be left with a simpler version of the car. This makes it easier to build and drive because you don't need to worry about all the intricate parts anymore.

Exam takeaway: Both pruning quantization and distillation aim to simplify complex models by removing less important components. They both involve reducing the size of the model while keeping its core functionalities intact. The key difference lies in how they achieve this reduction; pruning focuses on removing redundant information, while distillation uses techniques like transfer learning to combine different layers of the model."
eval_nlp_001,nlp,tokenization,Why do modern language models often use subword tokenization instead of word tokenization?,medium,"Simple Definition: Subword tokenization involves breaking down words into smaller units called subwords, which can be used as individual tokens rather than whole words. This allows for more efficient processing and storage of text data.

Intuition: Imagine you have a long string of letters like ""hello"". In word tokenization, each letter would become its own separate unit. However, in subword tokenization, we break it down into smaller parts (subwords) so they can be processed together without losing information.

Small Example: Consider this sentence: ""The quick brown fox jumps over the lazy dog.""

In word tokenization, each word becomes its own token: ""The"", ""quick"", ""brown"", ""fox"", ""jumps"", ""over"", ""the"", ""lazy"", ""dog"".

However, in subword tokenization, we split it into smaller parts: ""The"", ""quick"", ""brown"", ""fox"", ""jumps"", ""over"", ""the"", ""lazy"", ""dog"".

This makes it easier to process and analyze the text because each part can be analyzed independently.

Exam Takeaway: Subword tokenization is beneficial for handling large amounts of text data efficiently, allowing for better understanding and analysis of complex sentences. It's particularly useful in natural language processing tasks where dealing with multiple words at once can be challenging."
eval_nlp_002,nlp,embeddings,Explain why word embeddings can capture similarity between words.,medium,"Simple Definition: Word embeddings represent words as vectors in high-dimensional spaces where each dimension corresponds to a semantic feature of the word. These vectors capture the meaning and relationships between words, allowing them to be compared using mathematical operations like cosine similarity.

Intuition: Imagine you have two different types of cookies - chocolate chip and oatmeal raisin. A word embedding could be thought of as a special code that captures how similar these two types of cookies are based on their features (like flavor, texture, etc.). By comparing these codes, we can quickly determine which type of cookie is more closely related to another.

Small Example: Let's say we have two words: ""apple"" and ""banana"". In a word embedding space, they might both be represented as vectors with some common elements. If we compare these vectors, we would see that ""apple"" has a higher similarity score than ""banana"", even though they're very similar in appearance. This is because the vector representing ""apple"" includes more information about its taste and shape, while the vector for ""banana"" focuses more on its size and color.

Exam Takeaway: Understanding how word embeddings work helps us analyze text data more efficiently. They allow us to find patterns and similarities between words without having to manually compare every pair, making it much faster and easier to process large amounts of text."
eval_nlp_003,nlp,language_models,What does it mean for a language model to predict the next token?,easy,"Simple definition: A language model predicts the next token based on its current state and context.

Intuition: Predicting the next token means understanding what comes next in the sequence of tokens generated by the model.

Small example: Consider a simple language model predicting the next word in a sentence. If the model sees ""the"" followed by a space, it might predict ""a"". This prediction reflects the model's understanding of how words typically follow each other in sentences.

Exam takeaway: Understanding the concept of predicting the next token helps in interpreting the output of language models and making predictions about future text generation."
eval_nlp_004,nlp,bert,Why does BERT use masked language modeling during pretraining?,medium,"Simple Definition: BERT (Bidirectional Encoder Representations from Transformers) uses masked language modeling during pretraining because it helps improve its understanding of context and relationships between words, which is crucial for tasks like text classification and summarization.

Intuition: Imagine you're trying to understand a complex story. BERT's model learns to recognize patterns and relationships within sentences, much like how your brain recognizes connections between different parts of a picture. By using masks, it can focus on specific parts of the sentence without losing the overall meaning, making it better at recognizing important information.

Small Example: Let's say we have a sentence ""The quick brown fox jumps over the lazy dog."" We want to predict whether this sentence describes an animal or a plant. BERT might learn to ignore the word ""fox"" and just look at ""quick,"" ""brown,"" ""jumps,"" and ""over,"" focusing on the main action and details. This helps it classify the sentence correctly as describing an animal rather than a plant.

Exam Takeaway: Understanding context and relationships between words is key for improving BERT's performance in various natural language processing tasks."
eval_nlp_005,nlp,gpt,Explain why GPT is called a causal language model.,medium,"Simple Definition: A causal language model (CLM) is a type of machine learning model designed to understand cause-and-effect relationships between variables. It uses statistical methods to predict how changes in one variable will affect another, making it suitable for tasks like predicting outcomes based on historical data.

Intuition: CLMs can learn from past experiences and make predictions about future events. They analyze patterns in data to identify correlations and infer causality, allowing them to make decisions based on evidence rather than assumptions.

Small Example: Consider a scenario where you want to forecast sales based on customer behavior. You could train a CLM using historical sales data and customer interactions. The model would then use this data to predict future sales trends, taking into account factors such as seasonality, promotions, and market conditions. This approach allows for more accurate predictions compared to purely empirical methods.

Exam Takeaway: Understanding CLMs helps in developing more robust decision-making models by leveraging historical data and predictive analytics. It's crucial for fields like finance, marketing, and healthcare where understanding cause-and-effect relationships is essential for effective problem-solving."
eval_nlp_006,nlp,seq2seq,Explain how an encoder-decoder model works in machine translation.,medium,"Simple Definition: An encoder-decoder model is like a special computer game where:

- The ""encoder"" is like a puzzle piece that helps translate one language into another.
- The ""decoder"" is like a magic wand that turns the puzzle pieces back into words.

Intuition: Think of it as a magical translator who can turn your thoughts from one language into another without you even knowing it!

Small Example (if needed): Imagine you're trying to understand a new friend's story in English. You start by looking at their face and body language. Then, you ask them questions about what they've seen. Finally, you listen to their answers and try to figure out what they mean. This process is similar to how the decoder works in the encoder-decoder model!"
eval_nlp_007,nlp,decoding,Compare greedy decoding beam search and sampling in simple language.,hard,"Simple definition: 
Greedily decode words based on their frequency of occurrence in the text, then select the most likely next word from those decoded words.

Intuition: 
Decoding greedily allows us to focus on the most frequent words first, which can help reduce the likelihood of errors due to chance during decoding.

Small example (if useful):
Imagine you have a sentence like ""The quick brown fox jumps over the lazy dog."" If we were to decode this using greedy decoding, we would start by guessing the most common words (""the"", ""quick"", ""brown"", etc.). Then, we'd look at the next word after that, ""jumping,"" and guess it as well. This process continues until we've decoded all words.

Exam takeaway: 
Both greedy decoding and beam search aim to minimize the number of guesses required to correctly decode the entire text. However, they differ in how they handle the initial guesses. Greedy decoding focuses on the most frequent words, while beam search uses a set of previously decoded words to guide its selection. The choice between them depends on the specific problem and available data."
eval_nlp_008,nlp,ner,Explain BIO tagging for named entity recognition with a small example.,medium,"Simple Definition: 
BIO (Biological Information Object) tagging is a method used in natural language processing to identify entities such as people, places, organizations, and more within text data. It helps in recognizing and categorizing biological information from various sources like medical records, scientific papers, and news articles.

Intuition: 
Imagine you have a big box of toys, and each toy has its own special place in your room. Bio tagging works similarly, where each piece of information (like a person's name, location, or organization) gets its own spot in a system called a ""tag."" This makes it easier to find specific types of information later on.

Small Example:
Suppose you're reading about a new drug that could help treat a rare disease. You come across this sentence: ""The patient was diagnosed with a rare genetic disorder caused by a mutation in the gene responsible for the disease.""

In this case, the bio tag would be something like ""genetic disorder"" because it identifies the type of information being discussed. The other parts of the sentence—patient, diagnosed, rare, genetic, disorder—are just placeholders for different pieces of information.

Exam Takeaway:
Understanding how to use bio tagging can make it much easier to sift through large amounts of text data, helping researchers and users quickly locate specific types of information they need."
eval_nlp_009,nlp,rag,Why can retrieval augmented generation help reduce hallucination?,medium,"Simple definition: Retrieval Augmented Generation (RAG) uses text from a database to create new content, including images, videos, and audio files, which helps reduce the likelihood of hallucinations because it provides more realistic and consistent inputs.

Intuition: When you see something similar to what you're trying to describe, your brain tends to interpret it as real, even if it's just an image or video. RAG allows you to input a description into a database, which then generates a corresponding image, video, or audio file, making it less likely to be mistaken for reality.

Small example: Imagine you're trying to describe a painting to someone who has never seen one before. You might say ""This painting depicts a scene of a busy street at sunset."" If they don't recognize the painting, they might think it's a dream or a hallucination. But if you tell them about a photograph of a street at sunset, they'll understand it's a real photo, reducing their suspicion.

Exam takeaway: RAG helps reduce hallucinations by providing more accurate and consistent inputs, thus making it less likely that people will misinterpret your descriptions as hallucinations."
eval_nlp_010,nlp,evaluation,Why is evaluating generated text harder than evaluating classification accuracy?,hard,"Simple definition: Evaluating generated text involves assessing whether it accurately represents the intended content without any human intervention.

Intuition: Humans often struggle with generating natural language because they lack the context and nuance of human thought processes.

Small example (if helpful): Consider a scenario where you're writing an essay about a historical event. If your AI system generates a detailed paragraph describing the event's significance, it might be considered more accurate than a random sentence from a dictionary entry.

Exam takeaway: Understanding how humans process information can help in developing more effective tools for automatic text generation."
